{
  "assetsByChunkName": {
    "vendors~app-account~app-checkout~app-confirmation~app-order": "chunk.45a9abbd147d40c8d589.js",
    "vendors~app-account~app-confirmation~app-order": "chunk.dbf81393e2383f26595b.js",
    "vendors~app-account~app-checkout": "chunk.f617366688c9b218a808.js",
    "admin": [
      "admin.dd396f2eab369cb58d20.js",
      "admin.dd396f2eab369cb58d20.js.map"
    ],
    "app-account": "chunk.e0fe02f890950fd68269.js",
    "app-cart": "chunk.8f531435278ead61d123.js",
    "app-checkout": "chunk.5cb9484c9351b4f24020.js",
    "app-confirmation": "chunk.a194e4be2ce07c2355f5.js",
    "app-order": "chunk.a7e0d2c08e2d124b222c.js",
    "checkout": [
      "checkout.5939de0c784376c5601e.js",
      "checkout.5939de0c784376c5601e.js.map"
    ],
    "storefront": [
      "storefront.f1efb405cbe714635e05.css",
      "storefront.7b504031f9e6cc36ecb1.js",
      "storefront.f1efb405cbe714635e05.css.map",
      "storefront.7b504031f9e6cc36ecb1.js.map"
    ],
    "vendors~app-cart": "chunk.b342e368dfd4d6435b5d.js",
    "vendors~app-checkout": "chunk.51dd0add89761cd07240.js"
  }
}