{
  "youtube": "https://www.youtube.com/ministerioler/",
  "facebook": "https://www.facebook.com/ministerioler/",
  "phone": "12 99191-3123",
  "doc_number": "44.813.086/0001-47",
  "whatsapp": "12 99191-3123",
  "instagram": "https://www.instagram.com/ministerioler/",
  "twitter": "https://www.x.com/ministerioler/",
  "address": "Avenida Antonia Natalia Campos de Assis nº 51 Vila das Flores, São José dos Campos - SP, CEP: 12234750",
  "tiktok": "",
  "pinterest": "https://www.pinterest.com/ministerioler/",
  "email": "vendas@ministerioler.com.br"
}