{
  "description": {
    "title": "",
    "text": " "
  },
  "links_1": {
    "list_pages": true,
    "title": "Institucional",
    "list": [
      {
        "text": "Blog"
      },
      {
        "text": "Quem somos"
      },
      {
        "text": "Fale conosco"
      },
      {
        "text": "Política de troca"
      },
      {
        "text": "Política de privacidade"
      },
      {
        "text": "Termos e condições de compra"
      }
    ]
  },
  "links_2": {
    "list_categories": true,
    "title": "Livros",
    "list": [
      {
        "text": "Ministério Pastoral"
      },
      {
        "text": "Biografia"
      },
      {
        "text": "Pregação"
      },
      {
        "text": "Doutrina"
      }
    ]
  },
  "contacts": {
    "title": "",
    "phone_wpp": true,
    "socials": true,
    "email": true,
    "address": true
  },
  "stamps": [
    {
      "src": "/img/uploads/image-20.png",
      "alt": "Secure connection",
      "width": 150,
      "height": 62
    },
    {
      "src": "/img/uploads/image-21.png"
    }
  ],
  "payment_methods": {
    "pix": true,
    "visa": true,
    "mastercard": true,
    "elo": true,
    "amex": true,
    "hipercard": true,
    "boleto": true
  },
  "credits": "Loja LER. Loja LER, uma marca do Ministério LER | CNPJ: 44.813.086/0001-47 © Todos os direitos reservados. 2023" 
} 
